id;resv_id;created;updated;deleted;venue_group_client_id;venue_group_id;venue_id;jhi_date;duration;check_numbers;shift_category;shift_persistent_id;max_guests;mfratio_male;mfratio_female;status;status_display;status_simple;table_numbers;access_persistent_id;arrived_guests;isvip;bookedby;client_reference_code;lastname;firstname;email;phone_number;address;address_2;city;postal_code;state;country;loyalty_id;loyalty_rank;loyalty_tier;notes;arrival_time;seated_time;left_time;client_requests;comps;comps_price_type;cost_option;policy;min_price;pre_payment;onsite_payment;total_payment;paid_by;served_by;rating;problems;auto_assignments;external_client_id;external_id;external_reference_code;external_user_id;modify_reservation_link;reference_code;reservation_sms_optin;reservation_type;send_reminder_email;sendreminder_sms;source_client_id;user_id;user_name;tech_lineage;tech_created_date;tech_updated_date;tech_mapping;tech_comment
1;separately;facet ick nor;as help statistics;troop;um;bronze paltry;width yum;between;6373;vigilant elaborate without;reanimate;rightfully;18509;15214;14657;among willfully ick;crusader pace cluttered;huzzah more;sardonic yieldingly;who after;19007;false;ack uh-huh tourist;paltry bleakly;gah conscientise while;mechanically down;Verlie52@yahoo.com;voyage crest;fluster bottom;sail happily;Bonita Springs;hence aside;once;Solomon Islands;as eek;11862;far-flung;inconvenience as;finally yearly;mmm failing than;as far;tip when;25419;lest superb meld;7736;triumphantly elated;4905;9719.69;32613.48;17006;wherever loyally thirsty;male;5336;upon;violently roundabout;how excepting tremendously;chromakey target grocery;past;content astride;bask far-off;simple before on;true;rapid solidly gladly;true;false;jack whether ick;writhing collection fill;droopy circa;brr indeed acceptable;2023-12-26T16:13:20;2023-12-27T15:14:51;electroplate aw;warrant insistent
2;puff whose valuable;unique upon;normalise mmm organizing;yippee helplessly;disarmament honest warm;shyly;oof;suspiciously;6359;not;duh;careful instead what;14645;24366;12823;bah to why;consequently;atop;inasmuch;fitting;10160;true;yesterday;whose unknown gale;zowie play;barnstorm enthral out;Cassandra.Hammes76@gmail.com;shakily;aboard especially;upon;Port Ara;ugh fumble overconfidently;though stare;United Arab Emirates;powerfully dividend;485;yum burglarize;untangle nest nor;aha;grouch how atop;swim nearly;over behind;24041;lest;29121;ack;17676;25818.21;1473.95;14153;clearly;furiously rhapsodise within;12928;moulder however;gladly;vivid;mariachi a;that;since declutter storyboard;blah sum;pillow noisy;false;quintessential happiness;true;true;for;hmph;boo boohoo although;gel fortunately ultimately;2023-12-27T10:25:56;2023-12-27T12:59:43;dishwasher although belabour;though doctor mostly
3;thoughtfully;near provided who;jabber judgementally latency;wampum fooey;sunbeam;yourself yuck;out romaine tote;except;9101;because yum quintessential;viscose foolishly save;gadzooks outback unimpressively;28607;13013;32552;athwart nor untried;shrilly;in without sensitivity;beneath alpenglow emanate;burp;1922;true;aw defiantly officiate;readily;wiry ragged;diligently despite often;Antonetta_Davis@hotmail.com;toward;phooey ack;carelessly mortally quaint;Richardberg;scarcely highly tensely;gosh hourly connotation;San Marino;sedately;23153;handmade;trusting;gah tightly;daily;quail;podcast bronze rust;23681;photograph monumental;5521;or sternly;16484;20727.95;12831.54;20151;formation ha um;snooker concerning;30970;zowie;lisp clue;fetus until;quickly hmph instantly;meanwhile chairperson;apology anti;shoddy minus;gruesome nervously;false;notwithstanding where;true;false;assure to;worth lively;streetcar;provided oof since;2023-12-26T19:16:56;2023-12-26T22:15:23;roughly yearly;hardship quarrelsomely failing
4;recklessly whoa beyond;truant what agile;hungrily stash implore;consequently;alongside;exciting;inasmuch cultivated;or before boohoo;4903;ill-fated times;what;niche aw alphabet;26043;16751;11095;cheerfully next;coolly busy phew;collapse pink;blissful meanwhile;save oblong;6113;true;own than;harmonize;underneath utterly last;cousin what;Elbert_Reichert64@yahoo.com;jovially basic assistant;notwithstanding;necessary rifle zowie;East Waylonhaven;psst stencil psst;less;North Macedonia;than;13315;guitarist;till;lined bah;naturally;or frenetically yet;orchestrate sans promptly;6400;yippee stranger rule;27307;bah;21126;15645.61;13751.55;1084;very eaves;zowie connection caricature;22382;unwilling;miskey consequently digestive;regarding crow presume;fiercely towards;overestimate furthermore extinguish;hearty provided who;advice;translation oof yum;false;very likewise subset;false;false;plate lace careless;noisily too yuck;ensue;intensely meaningfully beneath;2023-12-26T22:22:09;2023-12-27T07:06:42;validate before than;oh but whoa
5;astride psst;reluctantly apropos bitterly;swordfight yield boastfully;electrify;striped veneer;copper leaver confer;whether unimpressively that;anti condominium ouch;29690;hence;gratefully doubtfully lively;gah indeed phew;25751;9226;23521;blah sore;legislature amidst well-lit;interject;given reproach oh;lest upon;30332;true;gee wherever;popular;drat zealous;meanwhile hence why;Elsa.Robel21@gmail.com;than sickness circa;or closely provided;anenst likely;East Royce;hmph infest;married daintily abacus;Saint Pierre and Miquelon;yawl who heartfelt;11201;oof gender offensively;throughout quarrelsomely pop;pony vicious as;questioningly;psst lunch;fervently below;4656;voluminous garland;383;mechanically healthy lest;4108;31488.98;28449.44;14727;as;hence;22568;clean yowza gleefully;positively;opposite fertilise lest;blackbird hmph;drat;hm trustworthy memorable;instead eulogise;macro brr mountainous;false;kissingly blissfully;false;true;sedately briskly gah;on;anatomy vivo;provided comfortable;2023-12-27T03:03:00;2023-12-27T11:36:01;but failing psychology;yowza hijack ack
6;since dependent;huzzah oily;pfft;lopsided oh;hmph as orchestrate;dimly;boo pot;duh;2258;grown about tulip;cheerfully misspell;delightfully;20821;26475;31347;inquisitively lest;adaptation;charter reignite whether;frosty violently now;across;23526;true;instead geez;incidentally monthly soon;vice;finally swig betoken;Ivah25@yahoo.com;finally;clumsy room forswear;near;East Coymouth;lest humming checking;corporation;Israel;than;3307;stagnate disallow;happening meanwhile who;meh;aboard ouch;daughter sternly whenever;third metro;29035;bumpy furthermore unless;19716;while urban inasmuch;12725;32094.18;26120.66;29215;silk trigger;sniff grunt truss;19664;positively despite;aw fantastic perky;until limit putrefy;unaware proof;ha over;which;displacement out colorful;along yet;true;so;true;false;squiggly designer;which pickaxe;glamorous minus;gutter;2023-12-27T15:18:19;2023-12-26T18:01:51;essential after up;till wholly gah
7;perfectly powerless;than knee;ugh from;forthright readiness;worth questioningly brr;sinuosity nutritious tinted;down;upliftingly uh-huh worthless;22673;until swiftly;shunt through;although cutting geez;10095;16445;27495;hmph;noisy yuck yippee;without spell;gosh industrialize amidst;ah counterpoint heap;946;false;abnormally mesmerise;freely easy-going;bitterly meh including;psst;Nicklaus88@hotmail.com;coupon whoever;even whenever sunset;which;North Octavialand;lest hoarse juggernaut;wherever;South Africa;consequently between er;30465;obligation;prosper probable;amputate;zowie cashew split;teleport misguided likewise;yippee antique;30673;so;16983;save;20732;24708.81;25144.89;31517;mesmerise failure exotic;geez calmly gah;2955;fishmonger ah;bustling dense;manhandle;whoever though gawk;aluminium than upside-down;for dashboard;nor unto;vice;true;international;true;true;plumber sentimental versus;disconnect gale flickering;psst limply;sledge an;2023-12-27T12:13:20;2023-12-26T18:59:24;toward scheduling;bear theme
8;unless outside;er;lest;provided;uh-huh afternoon across;invalid lute organise;verbally;consequently;12258;exciting although crisp;worried;into;1194;31812;8029;anti;psst why;painfully knowingly;webinar cemetery;yippee putrid lour;27223;false;geez;mmm dog rarely;aw evergreen general;mild;Corine63@hotmail.com;than;waft;disguise wearily woot;East Lacey;composed absentmindedly hm;reschedule disconcert;Oman;unexpectedly;2501;so huzzah;spanish yet psst;inaugurate towards democratise;pigeon;solidly;blah vitiate;28838;considering pay silo;7268;declassify with;20730;27775.61;2702.23;8472;boldly supposing conjecture;considering lonely;10683;round;briskly;classroom;what hm ouch;beam;frost;right mmm unimpressively;excluding;false;but whimsical yum;false;true;bid lanai;dressing;pish as after;alongside;2023-12-26T17:29:01;2023-12-27T15:11:10;qua mothball pish;loyal disloyal
9;ack into;proud gee;ouch record above;aw yet;than ha;wherever proselytise connote;hygienic;defog;15285;proposition before underneath;dip hazelnut;kookily till;15649;14939;14472;ack forenenst mmm;settle;verb;furthermore spike;retrospect hence upward;29861;true;rainbow blah;longingly;incompatible tick;when academic;Elisabeth.Hermann@yahoo.com;ugh;disgust calmly;courteous offensively drat;Lake Sierra;authorized aw;supposing for;Armenia;yippee;27028;crooked;gah minus;loudly huzzah;into stimulating;gah ideal measly;private pfft;15752;start;19248;spokeswoman;31643;11985.83;15295.89;31122;considering apud;vengeful;28748;powder bah extra-small;eek save;encase;cantaloupe bobcat;habitat;notwithstanding;whale anxiously yahoo;amidst equatorial;true;colorless;false;true;good anenst;furthermore scent;last;psst;2023-12-27T04:47:39;2023-12-26T19:06:28;letter playfully;socialism naive
10;suppression considering;adventurously;meh;weekender attic;pork;proctor agitate;acidly;which competence good-bye;19502;oh;transfuse down palatable;coaxingly;19801;5354;13170;chalk shyly;hence spotless;hm yowza geez;till eek age;willfully aw immortalize;12190;true;windage oversell flap;excluding;absent the;sweltering;Saul_Bayer35@hotmail.com;cuckoo upon;whoa dial huff;notwithstanding sinful;Schaumburg;unfortunately;unless tickle majestic;Malta;even woot superiority;30746;seriously;likely;knottily for;eat;joyfully;pish;18744;harvester eek;28464;excitement helpfully;16576;15938.57;16619.68;14127;retort before how;ugh shrill since;28334;athwart nor;before that gah;without;over optimise out;the;beside given;stunning;equally ha absent;true;acquire glitter wherever;false;true;because;boo figure;until pace;brainstorm instead phew;2023-12-27T12:20:00;2023-12-27T13:28:16;meh;well-documented harangue
